{
    "train": {
        "accuracy": 2.76490845206126,
        "loss": 0.6244843611129819
    },
    "val": {
        "accuracy": 2.901352089696836,
        "loss": 0.7266902432695576
    },
    "step": 2
}
