,NO2,O3,NO2 + day 1,O3 + day 1,NO2 + day 2,O3 + day 2
0,14.69406,53.060112,13.446941,58.6527,13.768844,47.076305
