step	accuracy
0	0.9385511840818436
1	1.0689925272951473
2	2.76490845206126
