step	loss
0	2.278962097325707
1	1.2712801712746797
2	0.6244843611129819
